<!DOCTYPE suite SYSTEM "http://testng.org/testng-1.0.dtd" >
<suite  name = "Parameter test suite" verbose = "3">
	<!-- this parameter will be passed to every test in this suite -->	
	<parameter name = "suite-param" value = "suite level parameter"/>
	<test name = "Parameter test one">
		<classes>
			<class name = "testpackage.ParameterTest">
				<methods>
					<include name = "prameterTestOne"/>
				</methods>
			</class>
		</classes>
	</test>
	<test name = "Parameter test two">
	<!-- this parameter will be passed to every test in this suite -->
		<classes>
			<class name = "testpackage.ParameterTest">
				<methods>
					<include name = "prameterTestOne"/>
				</methods>
			</class>
		</classes>
	</test>
	<test name = "Parameter test three">
		<!-- overriding suite level parameter -->
		<parameter name = "suite-param" value = "overriding suite parameter"/>
		<!-- test specific parameter -->
		<parameter name = "test-three-param" value = "test three parameter"/>
		<classes>
			<class name = "testpackage.ParameterTest">
				<methods>
					<include name = "prameterTestThree"/>
				</methods>
			</class>
		</classes>
	</test>
</suite>